﻿<?xml version="1.0" encoding="utf-8"?>
<Exercise>
  <Title>Hands-On Exercise 1.1</Title>
  <Topic>Investigate and Run a Spark Machine Learning Application</Topic>
  <Items>
    <Item Type="BoldText">Objectives</Item>
    <Item Type="BoldText"><p>In this exercise, you will</p><ul><li> Review a cancer diagnosis application that uses machine learning</li><li> Execute the application using Spark</li><li> Modify one of the application's "hyper-parameters" and observe the effect</li></ul></Item>
    <Item Type="BoldText">Overview</Item>
    <Item Type="Text"><p>You are going to use the Spark Machine Learning library (MLlib) to predict whether a patient has breast cancer. The prediction will be based on data obtained from lab analyses of suspect tissue masses. The lab reports a number of metrics from its analyses.</p><ol><li>Radius</li><li>Texture</li><li>Perimeter</li><li>Area</li><li>Smoothness (variation in radii)</li><li>Compactness (perimeter<sup>2</sup> / area – 1)</li><li>Concave points (number of concave portions of the contour)</li><li>Symmetry</li><li>Fractal dimension ("coastline approximation" – 1)</li></ol><p>A decision tree will be used to model the problem and generate the predictions. Decision trees analyze the data to produce a series of yes/no questions that filter the data, a bit like the "20 questions" game played by children. For a given tissue sample analysis, the decision tree asks questions such as:</p><p> </p><p style="margin-left:40px">Is the radius greater that <em>x</em> millimetres?</p><p> </p><p>The job of the machine learning algorithm is to produce a set of efficient questions that quickly converge on an accurate prediction.</p><p> </p><p>The decision tree is constructed by "training" the model with a set of tissue analyses where the eventual diagnosis is known. The trained model can then be used to predict diagnoses for new tissue analyses.</p></Item>
    <Item Type="MajorStep">Open the project in Eclipse.</Item>
    <Item Type="CheckStep">Log in to your VM as <code class="boldcode">spark</code> and enter <code class="boldcode">pw </code>as the password. You may need to "swipe" up from the bottom of the screen to display the dialog box.</Item>
    <Item Type="CheckStep">Double-click the <strong>Eclipse</strong> icon on the desktop to launch the IDE.</Item>
    <Item Type="Warning">Make sure you only ever have one copy of Eclipse running at any time.</Item>
    <Item Type="CheckStep">Double-click <strong>Exercise-1.1</strong> in the Package Explorer on the left, expand the <code>src &gt;<code></code>main.scala.com.crs1262</code> path and double-click the <code>CancerClassifier.scala</code> file to open it in the main editor window.</Item>
    <Item Type="MajorStep">Examine the data.</Item>
    <Item Type="CheckStep">Click the <strong>Application | Favorites</strong> menu at the top of the screen and open the Terminal application. Resize the window to your preferred dimensions.</Item>
    <Item Type="CheckStep"><p>View the data using the following command.</p><p> </p><p><strong><code>less ~/crs1262/data/cancer-dataset/cancel-ml.csv</code></strong></p></Item>
    <Item Type="Info"><p>Values are separated by commas (ordered as in the list of metrics from the overview) and the last column of data is the diagnosis.</p><ul><li>0 = benign  </li><li>1 = malignant</li></ul></Item>
    <Item Type="CheckStep">Press the spacebar to continue scrolling or <code>&lt;Q&gt;</code> to quit.</Item>
    <Item Type="MajorStep">Review the code.</Item>
    <Item Type="CheckStep"><p>Return to Eclipse and look over the code. The two lines of particular interest are:</p><p> </p><p><code><span style="color:rgb(0, 128, 0)">val decisionTree = new DecisionTree(new Strategy(Algo.Classification, Gini, maximumDepth))</span></code></p><p><code><span style="color:#008000">val model = decisionTree.run(trainingData)</span></code></p><p> </p><p>That's pretty much all it takes to build a machine-learning cancer-classification application in Spark!</p></Item>
    <Item Type="Info">The model will be evaluated by looking at its accuracy on some test data when the final diagnosis is known. Accuracy is the percentage of predictions that are correct.</Item>
    <Item Type="CheckStep">Briefly study the rest of the code. It's basic plumbing and will be covered later in the course.</Item>
    <Item Type="CheckStep">Locate the value of the model's "hyper-parameter." This is the maximum depth of tree that can be built.</Item>
    <Fold Type="Question">
      <Text><p>What is the value of the maximum depth hyper-parameter?</p><p><input type="text" /></p></Text>
      <Item Type="Solution"><p>3.</p><p> </p><p>The depth is the number of questions the model can ask about the data. So, it's no longer "20 questions," but "3 questions."</p></Item>
    </Fold>
    <Item Type="Info">If we ask enough questions, we can correctly classify 100 percent of the diagnosis in our training data. However, we would have created a model that was highly tuned to that data. Effective machine learning needs to discover general patterns in the data. Restricting the depth of the try reduces the chances of "overfitting."</Item>
    <Item Type="MajorStep">Build and run the application.</Item>
    <Item Type="CheckStep">Make sure you have selected <strong>Exercise-1.1</strong> in the Package Explorer (on the left) and then select <strong>Project | Build Project</strong> from the Eclipse menu.</Item>
    <Item Type="CheckStep">Monitor the progress of the build at the bottom-right of the IDE.</Item>
    <Item Type="Warning"> Wait for for the build to complete.</Item>
    <Item Type="CheckStep" KeepWith="next">The application is submitted to Spark for execution via the command line, so return to your Terminal window and enter the following command:</Item>
    <Item Type="Text"><strong><code>spark-submit --class com.crs1262.CancerClassifier --master local[4] ~/crs1262/exercises/Exercise-1.1/target/scala-2.10/cancer-classifier_2.10-1.0.jar</code></strong></Item>
    <Item Type="Warning">Make sure you type it all on a single line.</Item>
    <Item Type="Info">You may also copy this command from the <code>README.txt</code> file in the exercise root folder and paste it into the Terminal window.</Item>
    <Fold Type="Question">
      <Text><p>What is the reported accuracy of the model?</p><p><input type="text" /></p></Text>
      <Item Type="Solution"> 95.4954954954955.</Item>
    </Fold>
    <Item Type="MajorStep">Vary the maximum depth hyper-parameter.</Item>
    <Item Type="CheckStep">Return to Eclipse and change the maximum depth of the decision tree to 1, i.e., only let the model ask a single question.</Item>
    <Item Type="CheckStep">Build the application, as before, waiting for it to finish and then run it again from the Terminal window.</Item>
    <Item Type="Info">Use the "up" navigation key in the Terminal window to retrieve a previous command and press the <code>&lt;Enter&gt;</code> key to rerun it.</Item>
    <Fold Type="Question">
      <Text><p>What is the accuracy of the model now?</p><p><input type="text" /></p></Text>
      <Item Type="Solution">91.44144144144144.</Item>
    </Fold>
    <Item Type="CheckStep">Return to Eclipse and change the maximum depth of the decision tree to 5.</Item>
    <Item Type="CheckStep">Build the application, as before, waiting for it to finish and then run it again from the Terminal window.</Item>
    <Fold Type="Question">
      <Text><p>What is the accuracy of the model now?</p><p><input type="text" /></p></Text>
      <Item Type="Solution"><p>94.5945945945946.</p><p> </p><p>Eh?! That's worse than with a depth of 3. More isn't always better in machine learning. It's likely that the deeper tree is overfitting the data and failing to extract general-purpose rules.</p></Item>
    </Fold>
    <Item Type="Info">Choosing appropriate hyper-parameters is part of the skill of creating effective machine learning models. Machine learning is discussed in more detail later in the course.</Item>
    <Item Type="Finish" KeepWith="next">Congratulations! You have built a cancer diagnosis system and completed the exercise.</Item>
    <Item Type="Stop" />
  </Items>
</Exercise>