﻿<?xml version="1.0" encoding="utf-8"?>
<Exercise>
  <Title>Hands-On Exercise 7.2</Title>
  <Topic>Performing Cluster Analysis</Topic>
  <Items>
    <Item Type="BoldText">Objectives</Item>
    <Item Type="BoldText">In this exercise, you will learn how to perform a cluster analysis.</Item>
    <Item Type="BoldText" KeepWith="next">Overview</Item>
    <Item Type="Text" KeepWith="next">In this exercise, you will cluster New York State high schools using the k-means algorithm. Such an analysis could be used to devise specialist teacher training programs, based on social need, for example.</Item>
    <Item Type="Text"><p>There are several ways you can write, run, and test your code:</p>

<ul>
	<li>Type everything directly into the Spark shell</li>
	<li>Open up a Spark shell and the <code>Exercise-7.2</code>&#160;project in Eclipse. This project contains a single empty file called <code>clustering.scala</code>. Enter your code into this file, and as you build your solution, you can load it into the shell to either run, test, or debug it (use the shell <code>:load clustering.scala</code> command). Using this process, you can write and then test each stage of your solution</li>
	<li>Use the above process, but edit <code>clustering.scala</code> with an editor of your choice; e.g.,&#160;<code>gedit</code> or perhaps <code>vi</code></li>
</ul></Item>
    <Item Type="Info">The solutions for each step are provided below. There is also a complete solution script in the <code>Solution-7.2</code> directory.</Item>
    <Item Type="MajorStep" KeepWith="next">Prepare the data.</Item>
    <Item Type="CheckStep">Open a terminal window and navigate to the <code>Exercise-7.2</code> directory.</Item>
    <Item Type="CheckStep" KeepWith="next">Start the Spark shell and open Eclipse if you decided to use it for editing.</Item>
    <Item Type="Right"><code>spark-shell --master local[*]</code></Item>
    <Item Type="CheckStep" KeepWith="next">Import the required packages.</Item>
    <Item Type="Right"><code>import org.apache.spark.mllib.clustering._<br />
import org.apache.spark.mllib.linalg._<br />
import org.apache.spark.mllib.stat._</code></Item>
    <Item Type="CheckStep" KeepWith="next">Load the tab-delimited text dataset from <code>/home/spark/crs1262/data/schools.txt</code>.</Item>
    <Fold Type="Solution">
      <Text>Solution...</Text>
      <Item Type="Text"><small><code>val input = sc.textFile("file:///home/spark/crs1262/data/schools.txt")</code></small></Item>
    </Fold>
    <Item Type="CheckStep" KeepWith="next"><p>Extract the features from the dataset by doing the following steps:</p><ol><li>Discard the header row</li><li>Split the remaining rows into fields</li><li>Discard the first four (non-numeric) fields</li><li>Cast the remaining features to <code>Double</code></li><li>Convert the features to a dense vector</li></ol></Item>
    <Fold Type="Solution">
      <Text>Solution...</Text>
      <Item Type="Text"><p><small><code>val data = input.filter(!_.startsWith("Id")).map(x =&gt; </code></small></p><p><small><code>  Vectors.dense(x.split('\t').drop(4).map(_.toDouble)))</code></small></p></Item>
      <Item Type="Info" KeepWith="next">Note how many operations can be represented succinctly in Scala. If the statement above confuses you, feel free to decompose it into individual operations.</Item>
      <Item Type="Indented"><small><code>val nonHeaderRows = input.filter(!_.startsWith("Id"))<br />
val fields = nonHeaderRows.map(_.split('\t'))<br />
val features = fields.map(_.drop(4))<br />
val numericFeatures = features.map(_.map(_.toDouble))<br />
val data = numericFeatures.map(Vectors.dense(_))</code></small></Item>
    </Fold>
    <Item Type="CheckStep" KeepWith="next">Normalize the data to z-scores. Without this, the different magnitudes of the features will skew the results.</Item>
    <Item Type="Hint">Calculate the summary statistics to get the means and standard deviations. Use these to normalize the data.<br />
 <br />
z-scores have a mean of 0 and a standard deviation of 1.</Item>
    <Fold Type="Solution">
      <Text>Solution...</Text>
      <Item Type="Text" KeepWith="next"><p><small><code>val summaryStatistics = Statistics.colStats(data)</code></small></p><p> </p><p><small><code>val meansAndStandardDeviations = summaryStatistics.mean.toArray zip summaryStatistics.variance.toArray.map(Math.sqrt(_))</code></small></p><p><small><code>def normalize(data: Vector, meansAndStandardDeviations: Array[(Double, Double)]): Vector = {</code></small></p><p><br /><small><code>  Vectors.dense((data.toArray zip meansAndStandardDeviations).map { case(v, (m, s)) =&gt; <br />
    (v - m) / s <br />
  })<br />
}</code></small></p><p> </p><p><small><code>val normalized = data.map(normalize(_, meansAndStandardDeviations)).cache()</code></small></p></Item>
      <Item Type="Info">Cache data, as k-means is iterative.</Item>
    </Fold>
    <Item Type="MajorStep" KeepWith="next">Produce the clusters.</Item>
    <Item Type="CheckStep" KeepWith="next"><span style="color:rgb(0, 0, 0)">Parameterize the algorithm; i.e., create the </span><code>KMeans</code><span style="color:rgb(0, 0, 0)"> model builder. Set it to identify eight clusters.</span></Item>
    <Fold Type="Solution">
      <Text>Solution...</Text>
      <Item Type="Text"><p><small><code>val clusterCount = 8<br />
val iterations = 20<br />
val seed = 1262</code></small></p><p><small><code>val kMeans = new KMeans().setK(clusterCount).setMaxIterations(iterations).setSeed(seed)</code></small></p></Item>
    </Fold>
    <Item Type="CheckStep" KeepWith="next">Compute the clusters.</Item>
    <Fold Type="Solution">
      <Text>Solution...</Text>
      <Item Type="Right"><code>val model = kMeans.run(normalized)</code></Item>
    </Fold>
    <Item Type="MajorStep" KeepWith="next">Evaluate the model.</Item>
    <Item Type="CheckStep" KeepWith="next"><span style="color:rgb(0, 0, 0)">Compute the cost for this model. Behind the scenes, this will be calculated as the sum of squared distances of points to their nearest center.</span></Item>
    <Fold Type="Solution">
      <Text>Solution...</Text>
      <Item Type="Right"><code>val cost  = model.computeCost(normalized)</code></Item>
    </Fold>
    <Item Type="Info">The cost is difficult to interpret on its own. It's generally used as a relative measure.</Item>
    <Item Type="CheckStep" KeepWith="next">Display the cluster centers.</Item>
    <Fold Type="Solution">
      <Text>Solution...</Text>
      <Item Type="Right"><code>model.clusterCenters.foreach(println)</code></Item>
    </Fold>
    <Item Type="CheckStep" KeepWith="next">Compute the size of each cluster.</Item>
    <Item Type="Hint"><p>Use the following process:</p><ul><li>Get the cluster assignment for each school</li><li>Group the schools by cluster</li><li>Count the size of each group</li></ul></Item>
    <Fold Type="Solution">
      <Text>Solution...</Text>
      <Item Type="Text"><p><small><code>val clusterAssignments = normalized.map(model.predict(_) + 1) zip input.filter(!_.startsWith("Id")).map(_.split('\t'))<br />
val clusters = clusterAssignments.groupByKey()</code></small><br />
 </p><p><small><code>val clusterSizes = clusters.map(x =&gt; (x._1, x._2.size))</code></small></p><p> </p><p><small><code>clusterSizes.foreach(println)</code></small></p></Item>
    </Fold>
    <Item Type="Question"><p>Are the clusters of similar sizes?</p><p><input name="yn390" type="radio" />Yes <input name="yn390" type="radio" />No</p></Item>
    <Fold Type="Solution">
      <Text>Solution...</Text>
      <Item Type="Right"><p>No. They range from 2 to 216.</p><p> </p><p>This isn't necessarily a problem for this dataset. It's quite possible that some schools are in an uncommon situation.</p></Item>
    </Fold>
    <Item Type="Info">A data scientist would now have to spend some time reviewing the clusters in order to characterize each of them in terms of their schools.</Item>
    <Item Type="Question" KeepWith="next"><p>How many schools are in the seventh cluster?</p><p><input type="text" /></p></Item>
    <Fold Type="Solution">
      <Text>Solution...</Text>
      <Item Type="Right">2</Item>
    </Fold>
    <Item Type="MajorStep" KeepWith="next">Display the contents of a cluster.</Item>
    <Item Type="CheckStep" KeepWith="next">Extract the list of schools for cluster 7.</Item>
    <Fold Type="Solution">
      <Text>Solution...</Text>
      <Item Type="Text"><p><code>val clusterId = 7</code></p><p><code>val clusterSchools = clusters.lookup(clusterId).head</code></p></Item>
    </Fold>
    <Item Type="CheckStep" KeepWith="next">Display the schools (and districts) within the cluster.</Item>
    <Fold Type="Solution">
      <Text>Solution...</Text>
      <Item Type="Text" KeepWith="next"><code>clusterSchools.foreach(x =&gt; println((x(2), x(3))))</code></Item>
      <Item Type="Right" KeepWith="next">Displays:</Item>
      <Item Type="Text"><p><small><code>(BRIDGEHAMPTON SCHOOL,BRIDGEHAMPTON UNION FREE SCHOOL DISTRICT)</code></small></p><p><small><code>(FISHERS ISLAND SCHOOL,FISHERS ISLAND UNION FREE SCHOOL DISTRICT)</code></small></p></Item>
    </Fold>
    <Item Type="Finish" KeepWith="next">Congratulations! You have completed the exercise.</Item>
    <Item Type="Stop" />
  </Items>
</Exercise>