﻿<?xml version="1.0" encoding="utf-8"?>
<Exercise>
  <Title>Hands-On Exercise 6.1</Title>
  <Topic>Counting Words Using File and Network Streaming</Topic>
  <Items>
    <Item Type="BoldText"><p>In this exercise, you will</p><ul><li>Modify some existing <em>word count</em> code to process a file stream from a specified directory. As new files are detected, your application will automatically generate word counts based on the streamed data</li></ul><p>You will also develop a version of the application that collects streamed text data from a TCP socket and use it to automatically generate a word count for each received batch.</p></Item>
    <Item Type="MajorStep" KeepWith="next"><strong>Part 1: Generating word counts from a text file stream</strong></Item>
    <Item Type="Info">In this part of the exercise, you will complete a partial word count application that loads its data from a specified directory as a <em>text file stream</em>. Once your application is running, you will generate word counts by copying text files into the designated directory.</Item>
    <Item Type="CheckStep"><p>Open a terminal window and resize to suit your preference.</p><p> </p><p>Type: </p><p> </p><p><strong><code>cd crs1262/exercises/Exercise-6.1/</code></strong></p><p><strong><code>ls</code></strong></p><p> </p></Item>
    <Item Type="CheckStep">Launch Eclipse and open the <code>Exercise-6.1</code> project.</Item>
    <Item Type="CheckStep">Expand the <code>src</code> folder and double-click the <code>StreamingWordCount.scala</code> source file. This will open it in the editor.</Item>
    <Item Type="CheckStep">Locate the <code>//TODO1</code> comment at the start of the file and replace the <code>[ Code Here Please ]</code> marker with an appropriate Spark statement.</Item>
    <Item Type="Hint"><p>Create a <code>StreamingContext</code> instance called <code>ssc</code> based on the <code>SparkContext</code>. Set the batch interval to 1 second.</p><p> </p><p>Use the ready-made <code>SparkContext</code> instance defined in the lines above.</p></Item>
    <Fold Type="Solution">
      <Text>Solution...</Text>
      <Item Type="Text"><p>Your line of code should look like:</p><p> </p><p><small><code>val ssc = new StreamingContext(sparkContext, Seconds(1))</code></small></p><p> </p></Item>
    </Fold>
    <Item Type="CheckStep">Locate the <code>//TODO2</code> comment.</Item>
    <Item Type="Info"><em>Note:</em> This comment contains two sections. At this stage of the exercise, we are only concerned with <code>*** PART ONE ***</code>. The second section of the comment will be dealt with later in the exercise.</Item>
    <Item Type="Hint"><p>Part one of <code>//TODO2</code> requires you to create a <code>DStream</code> file receiver referenced using a variable called <code>lines</code>. To do this, use the <code>textFileStream()</code> method on your <code>StreamingContext</code> instance. You will need to provide this method with a path to the directory from which you intend to stream files. Use the following path:</p><p> </p><p><code>/home/spark/crs1262/data/filestream/data</code></p></Item>
    <Fold Type="Solution">
      <Text>Solution...</Text>
      <Item Type="Text"><p>Your line of code should look like:</p><p> </p><p><small><code>val lines = ssc.textFileStream("/home/spark/crs1262/data/filestream/data")</code></small></p><p> </p></Item>
    </Fold>
    <Item Type="CheckStep">Review the remaining code and make sure you understand how it operates.</Item>
    <Item Type="Info"><p>You do not need to add any additional code to allow the application to execute, as this is already in place in the exercise template.</p><p> </p><p>If you scroll to the end of the template, you will see the following statements:</p><p> </p><p><code>// start the computation, process stream data for 60s and then stop<br />
// do not stop the associated SparkContext and allow the current batch to complete</code></p><p><code>//</code></p><p><code>ssc.start()</code></p><p><code>ssc.awaitTerminationOrTimeout(60000)<br />
ssc.stop(false, true)</code></p></Item>
    <Item Type="CheckStep">Make sure you have saved your work.</Item>
    <Item Type="CheckPoint">You are now ready to test your application.</Item>
    <Item Type="CheckStep"><p>To build your application, you have two choices:</p><ul><li>From the Eclipse <code>Project</code> menu, select <code>Build Project</code>. Before you do this, make sure the <code>Exercise-6.1</code> project folder is selected. This menu option will invoke the Scala build tool. Its progress and any compilation errors will be displayed in the lower console window.</li><li>Alternatively, manually invoke the Scala build tool using the following command: <code>sbt package</code>. Do this using the terminal window you opened at the start of the exercise.</li></ul></Item>
    <Item Type="Right">If necessary, correct any compiler errors and repeat the build. If you get stuck, ask your instructor for assistance.</Item>
    <Item Type="CheckStep"><p>To execute your application, use the following command. You must do this using the <code>Exercise-6.1</code> terminal window.</p><p> </p><p><em>Note</em>: This command must be entered on a single line!</p><p> </p><p><strong><small><code>spark-submit --class com.crs1262.StreamingWordCount</code></small></strong></p><p><strong><small><code>    --master local[4] target/scala-2.10/streaming-word-count_2.10-1.0.jar</code></small></strong></p><p> </p><p>This command is also available in the <code>README.txt</code> file if you would prefer to cut and paste it.</p></Item>
    <Item Type="CheckStep"><p>Open a second terminal window and resize to suit your preference.</p><p> </p><p>Navigate to the parent of the file streaming directory you specified in your application. Type: </p><p> </p><p><strong><code>cd crs1262/data/filestream/</code></strong></p><p><strong><code>ls</code></strong></p></Item>
    <Item Type="CheckPoint">The directory listing should reveal two <code>.txt</code> files and a directory called <code>data</code>.</Item>
    <Item Type="CheckStep"><p>Use the Linux <code>cp</code> command to copy each of the <code>.txt</code> files into the <code>data</code> directory.</p><p> </p><p>For example, to copy the <code>sou-2012.txt</code> file, use the following command:</p><p> </p><p><strong><code>cp sou-2012.txt data/</code></strong></p></Item>
    <Item Type="CheckPoint">As soon as you copy a file into the <code>data</code> directory, you should see the appropriate word counts appearing in the <code>spark-submit</code> window.</Item>
    <Item Type="Hint"><p>If you missed the word count output, make some duplicates of the <code>.txt</code> files and copy them into the <code>data</code> directory. Note that for this to work, the copies must have different file names.</p><p> </p><p>To make a duplicate of <code>thecat.txt</code>, you could use the following command:</p><p> </p><p><strong><code>cp thecat.txt thecat2.txt</code></strong></p><p> </p><p>It is also possible that your WordCount application has stopped running, as it was designed to time out after 60 seconds. If this is the case, clear out the contents of the <code>data</code> directory and rerun your application.</p></Item>
    <Item Type="Indented"><p>To delete the contents of the&#160;<code>data</code>&#160;directory, you could use the following commands,</p>

<p>&#160;</p>

<p><strong><code>cd data</code></strong></p>

<p><strong><code>rm *.txt</code></strong></p>

<p><strong><code>cd .</code>.</strong></p>

<p>&#160;</p>

<p>You could also increase the timeout limit in your application to make it easier to test.&#160;</p>

<p>&#160;</p>

<p>If you are having any problems, please ask your instructor for assistance.</p></Item>
    <Item Type="Finish">Congratulations! You have completed the first part of the exercise.</Item>
    <Item Type="MajorStep" KeepWith="next"><strong>Part 2: Generating word counts from a socket-based text stream</strong></Item>
    <Item Type="Info">In this part of the exercise, you will modify your code to receive its data from a TCP socket stream. You will use the NetCat utility to serve lines of text to your application.</Item>
    <Item Type="CheckStep"><p>Scroll up toward the top of you code and re-locate the <code>//TODO2</code> comment.</p><p> </p><p>You will now deal with the <code>*** PART TWO *** </code>section of the comment.</p><p> </p><p>Comment out the existing line of code that creates the <code>textFileStream</code> receiver and replace it with an equivalent line of code that creates a <code>socketTextStream</code> receiver.</p><p> </p><p>Assign this to the <code>lines</code> variable as you did previously.</p></Item>
    <Item Type="Hint">The <code>socketTextStream()</code> method is available on your existing <code>StreamingContext</code> instance. You will need to provide this method with a host argument set to <code>localhost</code> and TCP connection port set to <code>9999</code>.</Item>
    <Item Type="Info">There is nothing special about port <code>9999.</code> It has been chosen on the basis that no other service running on your computer will be using it. You will shortly configure the NetCat utility to act as a text server bound to this port; your Spark application will then connect to this to receive its text data stream.</Item>
    <Fold Type="Solution">
      <Text>Solution...</Text>
      <Item Type="Right"><p>Your line of code should look like:</p><p> </p><p><code>val lines = ssc.socketTextStream("localhost", 9999)</code></p></Item>
    </Fold>
    <Item Type="CheckStep">Make sure you have saved your work.</Item>
    <Item Type="CheckPoint">You are now ready to build your application. Use the same process as before.</Item>
    <Item Type="Info"><p><em>Note:</em> Do not run your application yet!</p><p> </p><p>Before you submit your application to Spark, you must set up the NetCat utility. Once running, NetCat will accept text input from <em>standard input</em> and serve it to your application.</p></Item>
    <Item Type="CheckStep"><p>Open a new terminal window and resize to suit your preference.</p><p> </p><p>Navigate to the <code>Exercise-6.1</code> directory. Type: </p><p> </p><p><strong><code>cd crs1262/exercises/Exercise-6.1</code></strong></p></Item>
    <Item Type="CheckStep"><p>In the terminal window you just opened, start a NetCat server instance by using the following command:</p><p> </p><p><strong><code>nc -lk 9999</code></strong></p></Item>
    <Item Type="Info">Now that your NetCat server is up and running, you are ready to submit your application.</Item>
    <Item Type="CheckStep"><p>To execute your application, use the following command. You can reuse the terminal window that you submitted the application from in the first part of the exercise. Pressing the <code>&lt;Up arrow&gt;</code> key will probably reveal the previous <code>spark-submit</code> command. If not, the required command is shown below.</p><p> </p><p><em>Note</em>: This command must be entered on a single line!</p><p> </p><p><strong><small><code>spark-submit --class com.crs1262.StreamingWordCount</code></small></strong></p><p><strong><small><code>    --master local[4] target/scala-2.10/streaming-wordcount_2.10-1.0.jar</code></small></strong></p><p> </p><p>This command is also available in the <code>README.txt</code> file if you would prefer to cut and paste it.</p></Item>
    <Item Type="Info"><span style="line-height:1.6">Feel free to ask your instructor for assistance if you have any questions or problems.</span></Item>
    <Item Type="CheckStep">Assuming that your application is running, type some sentences into your NetCat server window, pressing <code>&lt;Enter&gt;</code> after each one.</Item>
    <Item Type="CheckPoint"><p>You should now see the word counts for your sentences being displayed by the application.</p><p> </p><p>If it is not working as expected and you are unable to debug it, please ask your instructor for assistance.</p></Item>
    <Item Type="Info">When you have finished, you can stop NetCat using a <code>&lt;CRTL-C&gt;</code>.</Item>
    <Item Type="Finish" KeepWith="next">Congratulations! You have now completed the second part of the exercise.</Item>
    <Item Type="Stop" />
  </Items>
</Exercise>