﻿<?xml version="1.0" encoding="utf-8"?>
<Exercise>
  <Title>Hands-On Exercise 3.3</Title>
  <Topic>Monitoring a Spark Application</Topic>
  <Items>
    <Item Type="BoldText">Objectives</Item>
    <Item Type="BoldText"><p>In this exercise, you will</p><ul><li>Start HDFS, a Spark Master, and a single Worker node</li><li>Monitor a running application using the Spark UI (user interface)</li><li>Retrieve the application results from HDFS</li><li>Shut down the Spark Master, Slave, and HDFS daemons</li></ul></Item>
    <Item Type="MajorStep"><strong>Part 1: Monitoring a running application using the Spark UI</strong></Item>
    <Item Type="Info"><p>In this part of the exercise, you will start a single-node Spark cluster and monitor its state using the Spark Master web interface. You will then submit an application and use the associated Spark driver web interface to view its execution plan and runtime metrics.</p>

<p>&#160;</p>

<p>Each Spark application has its own driver. Each driver provides a web interface specifically for the application it is managing. By default, these web interfaces are made available on TCP ports starting from <code>4044</code>. Each subsequent web interface will be made available on successively incrementing port numbers.</p>

<p>&#160;</p>

<p>In this exercise, you will only be running and monitoring a single application.</p></Item>
    <Item Type="CheckStep">Launch Eclipse and open the <code>Exercise-3.3</code> project.</Item>
    <Item Type="CheckStep">Expand the <code>src</code> folder and double-click the <code>SentenceRank.scala</code> source file. This will open it in the editor.</Item>
    <Item Type="Info"><p>You will be executing and monitoring the solution to Exercise 4.2</p><p> </p><p>This is a simple Spark application that ranks sentences based on their constituent word frequencies.</p><p> </p><p>Feel free to have a quick look at the code. However, the exact details of how it works are not relevant here.</p></Item>
    <Item Type="CheckStep"><p>Notice that the application loads and saves a file using HDFS. You should be able to spot the following statements:</p><p> </p><p><small><code>val in = "hdfs://localhost:9000/user/spark/data/legislators/sou-2012"</code></small></p><p><small><code>val out = "hdfs://localhost:9000/user/spark/ex-3-3-results"</code></small></p><p> </p><p>All HDFS file access is coordinated via the NameNode.</p><p> </p><p>This daemon sits on port <code>9000</code> and typically accepts requests for file reads and writes using URLs specifying the <code>hdfs://</code> scheme.</p></Item>
    <Item Type="CheckStep"><p>Scroll down to the end of the source code. You should see the following statement:</p><p> </p><p><code>Thread.sleep(600000)</code></p><p> </p><p>This has been added to keep the Spark driver alive for 10 minutes. This should be long enough to allow you to use the web UI to investigate the application.</p><p> </p><p>Once an application has finished executing, the associated Spark driver is destroyed. It is possible through configuration to replay Spark log files in the web UI, or to host a history server. In the interest of simplicity, these features have not been enabled.</p></Item>
    <Item Type="CheckStep"><p>Before you can submit the application, you must first start the HDFS and the following Spark daemons:</p><ul><li>Spark Master</li><li>A Spark Slave</li></ul><p>Type the following commands in the order shown:</p><p> </p><p><code class="boldcode">start-dfs.sh</code></p><p><code class="boldcode">start-master.sh</code></p><p><code class="boldcode">start-slave.sh spark://localhost:7077</code></p><p> </p><p>Notice that the slave is provided with a URL that specifies which Master to connect to.</p></Item>
    <Item Type="CheckStep"><p>Verify that the new daemons are running. Type:</p><p> </p><p><code class="boldcode">jps</code></p></Item>
    <Item Type="Info"><p>You should see something similar to the following:</p><p> </p><p><code>4707 SecondaryNameNode<br />
10545 Jps<br />
10478 Worker<br />
4275 NameNode<br />
10385 Master<br />
4481 DataNode<br />
9867 org.eclipse.equinox.launcher_1.3.0.v20140415-2008.jar</code></p><p> </p><p>The process id numbers will be different.</p><p> </p><p>The Spark daemons are listed as the <code>Master</code> and <code>Worker</code></p><p> </p><p><span style="line-height:1.6">The remaining processes are related to HDFS, Jps, and the Eclipse IDE.</span></p></Item>
    <Item Type="CheckStep"><p>You will now connect to the Spark Master web UI.</p><p> </p><p>Launch Firefox, or open a new tab, and browse to:</p><p> </p><p><code class="boldcode">http://localhost:8080/</code></p><p> </p><p>The Spark Master's web interface is available by default on TCP port <code>8080</code>. As this is a commonly used port by web proxy servers, be aware that it can be changed via configuration.</p></Item>
    <Item Type="Info"><p>The browser will now display some basic information about the Spark Master and any connected Worker nodes (i.e., slaves). This page also lists any currently running and completed applications.</p><p> </p><p>Notice that the listed items have clickable links. This would include the running and completed applications, if there were any.</p></Item>
    <Item Type="CheckStep">Click the <strong>Worker node</strong> link.</Item>
    <Item Type="Info"><p>This link takes you to the web interface of the particular Worker node.</p><p> </p><p>In this instance, it is hosted on TCP port 8081. Each Worker node has its own built-in web server and interface. Additional Workers would host their interfaces on successively incrementing port numbers.</p><p> </p><p>As this Worker is not currently doing anything, there is very little information presented on its interface.</p></Item>
    <Item Type="CheckStep"><p>Before you can run the application, you must copy some textual data from your local file system to HDFS.</p><p> </p><p>Type the following command in your terminal window:</p><p> </p><p><code class="boldcode">hdfs dfs -put /home/spark/crs1262/data/legislators/sou-2012 data/legislators/</code></p><p> </p><p>Notice the space between the two paths and make that sure you enter this command on a single line.</p><p> </p><p>Use <code>hdfs dfs -ls data/legislators/</code> on the command line or the HDFS web interface to verify that the file has been copied.</p></Item>
    <Item Type="CheckStep"><p>You will now submit the application to Spark.</p><p> </p><p>Type the following command:</p><p> </p><p><code class="boldcode">spark-submit --class com.crs1262.SentenceRank</code></p><p><code class="boldcode">      --master spark://ltree1:7077 target/scala-2.10/sentence-rank_2.10-1.0.jar</code></p></Item>
    <Item Type="Info"><em>Note</em>: You must enter this command as a single line. The command is also available in the project <code>README.txt</code> file if you would prefer to cut and paste it into your terminal window.</Item>
    <Item Type="CheckStep"><p>Either reopen or return to your Firefox Spark Master tab and refresh the page.</p><p> </p><p>If you need it, the URL for the Spark Master is: <code>http://localhost:8080/</code></p></Item>
    <Item Type="CheckPoint">You should now see some information referring to the Sentence Rank application.</Item>
    <Item Type="CheckStep">Click the <strong>Worker node</strong> link.</Item>
    <Item Type="CheckPoint"><p>You should now see some information about the Executors running on this node. There will only be one, and it is running the Sentence Rank application.</p><p> </p><p>There are also links to the files that the node uses to capture standard-input and standard-error. Currently, these will be referencing empty files.</p></Item>
    <Item Type="CheckStep">Return to the Spark Master by clicking the <strong>Back to Master</strong> link.</Item>
    <Item Type="CheckStep"><p>Click the <strong>Sentence Rank</strong> link under the Name heading in the Running Applications section.</p><p> </p><p>This will take you to the application's Spark driver web interface.</p></Item>
    <Item Type="Info"><p>This will take you to a page that displays information about the jobs required to execute the application.</p><p> </p><p>Note that across the top of the page there are a number of tabs. The Jobs tab is currently selected.</p></Item>
    <Item Type="CheckStep"><p>Click the second job. It should look similar to:</p><p> </p><p><code>sortByKey at SentenceRank.scala:137</code></p><p> </p><p>Next, click the <strong>DAG Visualization</strong> link, which should be on the upper left side of the browser window.</p></Item>
    <Item Type="Info"><p>This will display the execution DAG and some associated metrics for the various stages that make up this particular job.</p><p> </p><p>Once you are more familiar with the Spark API, you will be able to relate these DAGs to your code. You can use them to identify RDDs that are being reused and might benefit from being cached. It also allows you to easily see where the data shuffles are occurring, as each stage is linked by a shuffle.</p><p> </p><p>Note that the output of one of the <code>map()</code> stages is caching its data. If you refer back to the source code, you notice that this is the sentence RDD and that it has been explicitly cached. Had this not been done, the DAG would have helped you to spot this potential benefit.</p></Item>
    <Item Type="CheckStep"><p>Click the <strong>Event Timeline</strong> option.</p><p> </p><p>You will find this directly above the DAG and toward the left side of the browser window.</p></Item>
    <Item Type="CheckPoint"><p>You will now see the execution timeline for the stages within this particular job.</p><p> </p><p>Note how Spark has scheduled some of the <code>map()</code>, <code>flatMap()</code>, and <code>sort()</code> stages to run in parallel. If necessary, you can scroll this timeline display to the left and right using your mouse. You must click the display and then drag with your mouse.</p></Item>
    <Item Type="CheckStep"><p>Spend some time clicking the various DAG components and the numerous links to the other jobs and stages. There are also some additional tabs worth exploring on the Driver homepage.</p><p> </p><p>Your instructor will give you a brief demo at the end of this exercise in case you missed anything interesting.</p></Item>
    <Item Type="MajorStep"><strong>Part 2: Retrieving the application's results from HDFS</strong></Item>
    <Item Type="CheckStep"><p>In your terminal window, type the following command to view the files generated by the Sentence Rank application.</p><p> </p><p><code class="boldcode">hdfs dfs -ls ex-3-3-results</code></p><p> </p><p>If your terminal window is still busy waiting for the built-in 10-minute delay to expire, just open a new terminal. The application will have written the files quite some time ago.</p></Item>
    <Item Type="CheckPoint"><p>You should see the following files:</p><p> </p><p><code>-rw-r--r--   3 spark supergroup          0 2016-02-28 15:36 ex-3-3-results/_SUCCESS<br />
-rw-r--r--   3 spark supergroup      25589 2016-02-28 15:36 ex-3-3-results/part-00000<br />
-rw-r--r--   3 spark supergroup      17794 2016-02-28 15:36 ex-3-3-results/part-00001</code></p><p> </p></Item>
    <Item Type="CheckStep"><p>The Sentence Rank application produces a set of ranked sentences as its output. In HDFS, these appear as two <code>part-</code> files, one for each partition of data. To retrieve the results and at the same time concatenate the <code>part-</code> files, type the following command:</p><p> </p><p><code class="boldcode">hdfs dfs -cat ex-3-3-results/part-* &gt; rank.txt</code></p><p> </p><p>Notice the use of the <code class="boldcode">*</code> wildcard character. This command transmits the contents of the files to standard output, which is then redirected to a local file called <code>rank.txt</code>.</p><p> </p><p>Feel free to view the contents of the <code>rank.txt</code> file. The details of this particular ranking algorithm will be discussed in Exercise 4.2.</p></Item>
    <Item Type="MajorStep"><strong>Part 3: Shutting down the Spark Master, Slave, and HDFS daemons</strong></Item>
    <Item Type="CheckStep"><p>Type the following command in the order shown:</p><p> </p><p><code class="boldcode">stop-slave.sh</code></p><p><code class="boldcode">stop-master.sh</code></p><p><code class="boldcode">stop-dfs.sh</code></p><p> </p><p>Then verify that the daemons have been stopped using:</p><p> </p><p><code class="boldcode">jps</code></p></Item>
    <Item Type="Finish" KeepWith="next">Congratulations! You have completed the exercise.</Item>
    <Item Type="Stop" />
  </Items>
</Exercise>