﻿<?xml version="1.0" encoding="utf-8"?>
<Exercise>
  <Title>Hands-On Exercise 7.1</Title>
  <Topic>Building and Evaluating a Decision Tree Classifier</Topic>
  <Items>
    <Item Type="BoldText">Objectives</Item>
    <Item Type="BoldText"><p>In this exercise, you will</p><ul><li><span style="line-height:1.6">Learn how to build a decision tree classifier</span></li></ul></Item>
    <Item Type="BoldText">Overview</Item>
    <Item Type="Text">In this exercise, you will build and evaluate a decision tree classifier.</Item>
    <Item Type="Text"><p>There are several ways you can write, run, and test your code:</p><ul><li>Type everything directly into the Spark shell</li><li>Open up a Spark shell and the <code>Exercise-7.1</code> project in Eclipse. This project contains a single empty file called <code>classifier.scala</code>. Enter you code into this file and, as you build-up your solution, you can load it into the shell to either run, test, or debug it (use the shell <code>:load classifier.scala</code> command). Using this process, you can write and then test each stage of your solution.</li><li>Use the above process, but edit <code>classifier.scala</code> with an editor of your choice; e.g., <code>gedit</code> or perhaps <code>vi</code></li></ul></Item>
    <Item Type="Info">The solutions for each step are provided below. There is also a complete solution script in the <code>Solution-7.1</code> directory.</Item>
    <Item Type="MajorStep" KeepWith="next">Prepare the data.</Item>
    <Item Type="CheckStep">Open a terminal window and navigate to the <code>Exercise-7.1</code> directory.</Item>
    <Item Type="CheckStep"><p>Start the Spark shell and open Eclipse if you decided to use it for editing.</p><p> </p><p>Type:</p><p> </p><p><strong><code>spark-shell --master local[*]</code></strong></p></Item>
    <Item Type="CheckStep" KeepWith="next">Import the required packages.</Item>
    <Item Type="Right"><code>import org.apache.spark.mllib.evaluation._<br />
import org.apache.spark.mllib.linalg._<br />
import org.apache.spark.mllib.regression._<br />
import org.apache.spark.mllib.stat._<br />
import org.apache.spark.mllib.tree._<br />
import org.apache.spark.mllib.tree.configuration._<br />
import org.apache.spark.mllib.tree.impurity._<br />
import org.apache.spark.mllib.tree.model._</code></Item>
    <Item Type="CheckStep" KeepWith="next"><p>Load the <code>/home/spark/crs1262/data/cancer-dataset/cancer-clean.csv</code> dataset.</p><p> </p><p>This is a cleaned-up version of a raw dataset. The application used to clean the raw cancer dataset can be found in the <code>/home/spark/crs1262/demos/</code> directory.</p></Item>
    <Fold Type="Solution">
      <Text>Solution...</Text>
      <Item Type="Text"><p><small><code>val input = sc.textFile(</code></small></p><p><small><code>"file:///home/spark/crs1262/data/cancer-dataset/cancer-clean.csv")</code></small></p></Item>
    </Fold>
    <Item Type="CheckStep" KeepWith="next">Convert <code>"benign"</code> and <code>"malignant"</code> to <code>0</code> and <code>1</code>, respectively. Cast the rest of the values (the features) to <code>Double</code> and create an RDD of <code>LabeledPoint</code> elements.</Item>
    <Fold Type="Solution">
      <Text>Solution...</Text>
      <Item Type="Text"><code>val data = input.map { line =&gt;<br />
  val fields = line.split(",")<br />
  val features = fields.init.map(_.toDouble)<br />
  val featureVector = Vectors.dense(features)<br />
  val label = if (fields.last == "benign") 0 else 1<br />
  LabeledPoint(label, featureVector)<br />
}</code></Item>
    </Fold>
    <Item Type="CheckStep" KeepWith="next">Split the dataset into random training (70%) and test (30%) datasets.</Item>
    <Fold Type="Solution">
      <Text>Solution...</Text>
      <Item Type="Text" KeepWith="next"><p><code>val splits = data.randomSplit(Array(0.7, 0.3), seed = 1262L)</code></p><p><code>val trainingData = splits(0).cache()<br />
val testData = splits(1).cache()</code></p></Item>
      <Item Type="Info">Cache them as they will be read multiple times.</Item>
    </Fold>
    <Item Type="CheckStep" KeepWith="next">Check that the training and test datasets have similar characteristics; i.e., that the randomization process hasn't introduced any bias.</Item>
    <Item Type="Hint">Obtain basic statistics for each of the datasets.</Item>
    <Fold Type="Solution">
      <Text>Solution...</Text>
      <Item Type="Text" KeepWith="next"><p><small><code>val trainingDataStatistics = Statistics.colStats(trainingData.map { <br />
  case LabeledPoint(label, features) =&gt; features <br />
})</code></small></p><p> </p><p><small><code>// Don't break this line - just for print formatting</code></small></p><p><small><code>//<br />
println(s"&gt;&gt;&gt; Training data statistics (minimum, mean, maximum): </code></small></p><p><small><code>(${trainingDataStatistics.min(0)}, ${trainingDataStatistics.mean(0)}, </code></small></p><p><small><code>${trainingDataStatistics.max(0)})")</code></small></p><p> </p><p><small><code>val testDataStatistics = Statistics.colStats(testData.map { <br />
  case LabeledPoint(label, features) =&gt; features <br />
})</code></small></p><p> </p><p><small><code>// Don't break this line - just for print formatting</code></small></p><p><small><code>//<br />
println(s"&gt;&gt;&gt; Test data statistics (minimum, mean, maximum): </code></small></p><p><small><code>(${testDataStatistics.min(0)}, ${testDataStatistics.mean(0)},</code></small></p><p><small><code>${testDataStatistics.max(0)})")</code></small></p></Item>
      <Item Type="Info"><p>The result should be:</p><p> </p><p><small><code>Training data statistics (minimum, mean, maximum): (1.0, 4.3652173913043475, 10.0)<br />
Test data statistics (minimum, mean, maximum): (1.0, 4.600896860986549, 10.0)</code></small></p><p> </p></Item>
    </Fold>
    <Item Type="Question"><p>Do they appear to be similar?</p><p><input type="text" /></p></Item>
    <Item Type="MajorStep" KeepWith="next">Create the model.</Item>
    <Item Type="CheckStep" KeepWith="next">Parameterize the algorithm; i.e., create the <code>DecisionTree</code> model builder.</Item>
    <Fold Type="Solution">
      <Text>Solution...</Text>
      <Item Type="Text"><p><code>val algorithm = Algo.Classification<br />
val impurity = Gini<br />
val maximumDepth = 3</code></p><p><code>val decisionTree = new DecisionTree(new Strategy(algorithm, impurity, </code></p><p><code>  maximumDepth))</code></p></Item>
    </Fold>
    <Item Type="CheckStep" KeepWith="next">Create the model by fitting the training dataset.</Item>
    <Fold Type="Solution">
      <Text>Solution...</Text>
      <Item Type="Text"><code>val model = decisionTree.run(trainingData)</code></Item>
    </Fold>
    <Item Type="MajorStep" KeepWith="next">Evaluate the model.</Item>
    <Item Type="CheckStep" KeepWith="next">Apply the model to the test dataset to get the predicted diagnoses.</Item>
    <Item Type="Hint"><code>model.predict</code> takes a set of features and returns a prediction.</Item>
    <Fold Type="Solution">
      <Text>Solution...</Text>
      <Item Type="Text"><code>val labeledPredictions = testData.map { labeledPoint =&gt;<br />
  val prediction = model.predict(labeledPoint.features)<br />
  (labeledPoint.label, prediction)<br />
}</code></Item>
    </Fold>
    <Item Type="MajorStep" KeepWith="next">Describe the decision tree.</Item>
    <Item Type="CheckStep" KeepWith="next">Calculate the precision directly from the data. Don't use the built-in classes.</Item>
    <Item Type="Hint">Precision is the percentage of outcomes in the test dataset that the model predicted correctly.</Item>
    <Fold Type="Solution">
      <Text>Solution...</Text>
      <Item Type="Text" KeepWith="next"><p><small><code>val accuracy = labeledPredictions.filter(x =&gt; x._1 == x._2).count.toDouble / </code></small></p><p><small><code>  labeledPredictions.count</code></small></p><p> </p></Item>
      <Item Type="Info">Result is <code>0.9551569506726457</code></Item>
    </Fold>
    <Item Type="Question"><p>Is the precision acceptable?</p><p><input type="text" /></p></Item>
    <Item Type="Info">In some cases, it maybe be possible to answer this directly. In others, the answer may depend on whether it's a significant improvement over the existing process.</Item>
    <Item Type="CheckStep" KeepWith="next">Obtain the precision and confusion matrix using the Spark classification evaluator.</Item>
    <Fold Type="Solution">
      <Text>Solution...</Text>
      <Item Type="Text" KeepWith="next"><p><small><code>val evaluationMetrics = new MulticlassMetrics(labeledPredictions.map(_.swap))</code></small></p><p><small><code>println(evaluationMetrics.precision)<br />
println(evaluationMetrics.confusionMatrix)</code></small></p></Item>
      <Item Type="Info"><p>Precision is <code>0.9551569506726457</code></p><p> </p><p>Confusion matrix is:</p><p> </p><p><code>130.0  5.0   <br />
  5.0  83.0 </code></p></Item>
    </Fold>
    <Item Type="Question"><p>Does the precision calculated by the evaluator concur with your "manual" calculation?</p><p><input name="yn520" type="radio" />Yes <input name="yn520" type="radio" />No</p></Item>
    <Item Type="Question"><p>Does the confusion matrix show a reasonable trade-off between false negatives and false positives?</p><p><input type="text" /></p></Item>
    <Item Type="Finish">Congratulations! You have completed the exercise.</Item>
    <Item Type="Bonus" KeepWith="next">One of the strengths of the decision tree classifier is that the model has a relatively straightforward interpretation. In this bonus exercise, you'll display the complete decision tree.</Item>
    <Item Type="CheckStep" KeepWith="next"><p>Write a function that will recursively traverse the tree, printing out the details of the nodes as it goes.</p><p> </p><p>This is a relatively advanced exercise, so feel free to go straight to the solution and review it. Ask your instructor if you have any questions.</p></Item>
    <Item Type="Hint"><code>model: DecisionTree</code> has a <code>topNode: Node</code> member. That's the root of the tree.<br />
 <br />
Each node has <code>leftNode: Node</code> and <code>rightNode: Node</code> members. These are also of type <code>Node</code>.<br />
 <br />
Nodes have <code>isLeaf</code> and <code>isEmpty</code> members to determine if they are terminal prediction nodes or empty nodes, respectively. Decision nodes are neither leaves nor empty.<br />
 <br />
Decision nodes have a <code>split.get.feature</code> member that gives the index of the feature considered by this node. A <code>split.get.threshold</code> gives the split threshold applied to the feature.<br />
 <br />
Outcome nodes have a <code>predict.predict</code> member that gives the predicted outcome and a <code>predict.prob</code> member that gives a measure of "confidence" about the prediction.</Item>
    <Fold Type="Solution">
      <Text>Solution...</Text>
      <Item Type="Text" KeepWith="next"><p><small><code>def printTree(tree: DecisionTreeModel) {<br />
  def go(node: Node, depth: Int, direction: String) {<br />
    if (node.isLeaf) println(" " * depth + s"$direction &gt; Predicted to be ${node.predict.predict} with probability ${node.predict.prob}")<br />
    else if (!node.split.isEmpty) println(" " * depth + s"$direction + Go left if feature ${node.split.get.feature} &lt;= ${node.split.get.threshold}, otherwise go right")</code></small></p><p><small><code>    if (!node.leftNode.isEmpty) go(node.leftNode.get, depth + 1, "L")<br />
    if (!node.rightNode.isEmpty) go(node.rightNode.get, depth + 1, "R")<br />
  }</code></small></p><p><small><code>  go(tree.topNode, 0, "-")<br />
}</code></small></p><p> </p><p><small><code>println("&gt;&gt;&gt; Decision tree:")<br />
printTree(model)</code></small></p></Item>
    </Fold>
    <Item Type="CheckStep" KeepWith="next">Try manually applying the tree to one of the test observations and see if you get the same prediction as when using <code>model.predict</code>.</Item>
    <Item Type="Hint"><p>To get a single observation and use it as the basis for a prediction, use the following commands:</p><p> </p><p><code>val observation = testData.first<br />
val prediction = model.predict(observation.features)</code></p></Item>
    <Item Type="Finish" KeepWith="next">Congratulations! You have completed the bonus exercise.</Item>
    <Item Type="Stop" />
  </Items>
</Exercise>