﻿<?xml version="1.0" encoding="utf-8"?>
<Exercise>
  <Title>Hands-On Exercise 3.2</Title>
  <Topic>Loading and Saving Datasets, Spark Partitions, and Lazy Evaluation</Topic>
  <Items>
    <Item Type="BoldText">Objectives</Item>
    <Item Type="BoldText"><p>In this exercise, you will experiment with a number of features related to the loading, saving, and parallelizing of data as well as the lazy evaluation of Spark transforms.</p><p> </p><p>Specifically, you will</p><ul><li>Load a text file into an RDD using the default <code>TextInputFormat</code> configuration and investigate its record structure</li><li>Reconfigure a <code>TextInputFormat</code> to generate a modified record structure</li><li>Load data from a database table using JDBC into an RDD to demonstrate its row-based structure</li><li>Experiment with the lazy evaluation of Spark transforms</li><li>Investigate and modify the number of Spark partitions used to hold a parallelized dataset</li></ul></Item>
    <Item Type="MajorStep"><strong>Stage 1: Initial preparation</strong></Item>
    <Item Type="CheckStep"><p>Open a terminal window and resize to suit your preference.</p><p> </p><p>Type: </p><p> </p><p><strong><code>cd crs1262/exercises/Exercise-3.2</code></strong></p><p><strong><code>ls</code></strong></p></Item>
    <Item Type="Info"><p><em>Note:</em> The default path of a new terminal window is set to the spark user's home directory. The above <strong><code>cd</code></strong> command operates relative to this path, alternatively you could type:</p><p> </p><p><code>cd /home/spark/crs1262/exercises/Exercise-3.2</code></p></Item>
    <Item Type="CheckStep"><p>Launch Eclipse and open the <code>Exercise-3.2</code> project.</p><p> </p><p>If Eclipse fails to open or displays a workspace warning, check that you don't already have a copy running.</p></Item>
    <Item Type="CheckStep"><p>Expand the <code>src</code> folder and you should see a single source file called:</p><p> </p><p><code>SparkOperations.scala</code></p><p> </p><p>Double-click the file to open it in the Eclipse editor.</p></Item>
    <Item Type="Info"><p>You do not need to write any code in this exercise. Please be careful not to modify the application.</p><p> </p><p>Instead you will view the various sections of the source code and then run this application a number of times with different command line options. Each option will trigger the application to demonstrate a particular Spark operation.</p></Item>
    <Item Type="CheckStep">Spend a few minutes studying the code. Even though we haven't spent much time discussing the Scala syntax and the Spark API, you should be able to get a feel for how the application works.</Item>
    <Item Type="Info"><p>Each time you run the application, you will pass in a single command line parameter. Any such parameters will be made available to the application via the <code>args</code> string array. You can see the definition for this array in the following line toward the top of the source code.</p><p> </p><p><code>def main(args: Array[String]) {</code></p><p> </p><p>This application is only expecting a single argument and will be accessed as <code>args(0)</code></p><p> </p><p>This value is passed to a Scala switch statement, which then matches the provided option with a particular block of code. </p><p> </p></Item>
    <Item Type="Right"><p>The application has already been compiled and is ready to run.</p><p> </p><p>However, to demonstrate the compilation and packaging process, you will now quickly build it.</p></Item>
    <Item Type="CheckStep"><p>To perform the build, you have two choices:</p><ul><li>From the Eclipse <code>Project</code> menu, select <code>Build Project</code>. Before you do this, make sure the <code>Exercise-3.2</code> project folder is selected. This menu option will invoke the Scala build tool. Its progress, and any possible compilation errors (there should not be any) will be displayed in the lower console window.</li><li>Alternatively, you can manually invoke the Scala build tool using the following command <code>sbt package</code>. Do this using the terminal window you opened at the start of the exercise.</li></ul></Item>
    <Item Type="Right">If you get any compiler errors or have any questions, please ask your instructor for assistance.</Item>
    <Item Type="Right">You are now ready to start experimenting with the application.</Item>
    <Item Type="MajorStep"><strong>Stage 2: Loading a text file into an RDD and investigating its record structure</strong></Item>
    <Item Type="CheckStep"><p>Quickly review the code in the <code>case "text" =&gt; {</code> block.</p><p> </p><p>The <code>sou-2012</code> text file will be loaded as an RDD and referenced by the <code>textRDD</code> variable. A simple <code>foreach()</code> loop will then print out the individual records of the loaded RDD.</p></Item>
    <Item Type="Info"><p><em>Note:</em> In this exercise, we are loading a very small dataset and all of the underlying Spark components are running on a single machine. This allows us to print out the records to the terminal window when we run the application.</p><p> </p><p>If the dataset was truly massive and distributed over many machines, this would not work in the same way and would not be a sensible thing to do. Each Spark node would access its partition of the data and then print it to standard output. Each node would locally redirect standard output to an associated application log file. There is a mechanism for collecting distributed RDD data and returning it to the driver node. We will be covering this later in the course.</p></Item>
    <Item Type="CheckStep"><p>From your <code>Exercise-3.2</code> terminal window, you will now submit and execute the application.</p><p> </p><p>Notice that the <code>spark-submit</code> command include the required <code>text</code> argument at the end.</p><p> </p><p><code class="boldcode">spark-submit --class com.crs1262.SparkOperations</code></p><p><code class="boldcode">    --master local[4] target/scala-2.10/spark-operations_2.10-1.0.jar text</code></p></Item>
    <Item Type="Info"><em>Note</em>: This command must be entered on a single line! It is also available in the <code>README.txt</code> file if you would prefer to cut and paste it.</Item>
    <Item Type="CheckPoint"><p>You should now see the individual RDD records loaded from the text file being displayed in the terminal window. To emphasize this, lines containing <code>"***"</code> have been displayed before and after each record.</p><p> </p><p>Clearly the text file has been loaded on a line-by-line basis; i.e., each line corresponds to an RDD record. You can easily verify this by loading the text file into an editor. If you wish to try this, you can view the file in Eclipse via the <code>File/Open File...</code> menu option. The required file path is <code>/home/spark/crs1262/data/legislators/sou-2012</code>.</p></Item>
    <Item Type="MajorStep"><strong>Stage 3: Reconfiguring the text file load to generate a modified record structure</strong></Item>
    <Item Type="CheckStep"><p>Quickly review the code in the block starting with <code>case "sentence" =&gt; {</code></p><p> </p><p>Spark loads text files using an underlying Hadoop <code>TextInputFormat</code> class. By default, this class loads text as records delimited by the newline character as was just demonstrated in the previous steps. It is possible to reconfigure the input format to split the text using a different token.</p><p> </p><p>In this example, the code specifies that the text should be split on the <code>"."</code> character. This is a <em>quick and dirty</em> way of loading text into an RDD of sentences. The <code>TextInputFormat</code> allows any character or string to be used as the split delimiter.</p></Item>
    <Item Type="CheckStep"><p>To demonstrate this, return to your <code>Exercise-3.2</code> terminal window in order to submit and run the application.</p><p> </p><p>Notice that this time. the <code>spark-submit</code> command include the required <code>sentence</code> argument at its end.</p><p> </p><p><code class="boldcode">spark-submit --class com.crs1262.SparkOperations</code></p><p><code class="boldcode">    --master local[4] target/scala-2.10/spark-operations_2.10-1.0.jar sentence</code></p></Item>
    <Item Type="Info"><em>Note:</em> This command must be entered on a single line! You can also press the <code>&lt;Up arrow&gt;</code> key in your terminal window to retrieve the previous <code>spark-submit</code> command; you will, of course, need to edit it so that it includes the required <code>sentence</code> argument at its end.</Item>
    <Item Type="CheckPoint">You should now see the RDD records being displayed as complete sentences in the terminal window. To emphasize this, each one has again been wrapped in a set of <code>"***"</code> lines.</Item>
    <Item Type="MajorStep"><strong>Stage 4: Loading a database table into an RDD to demonstrate that it has a row-based record structure</strong></Item>
    <Item Type="CheckStep"><p>Quickly review the code in the block starting with <code>case "jdbc" =&gt; {</code></p><p> </p><p>The code uses Java Database Connectivity (JDBC) to load a movie ratings table from MySQL. This technique is described in greater detail in Chapter 5.</p><p> </p><p>The code creates an RDD that loads 20 records from the table, where each RDD entry correspond to a table row. Each of these row entries are in fact collections of objects, with each corresponding to a table column. The table referenced in this example contains rows comprised of four columns; each field in these records can be accessed using a numeric index.</p><p> </p><p>The <code>foreach()</code> loop prints out each record as a string using a technique known as Scala interpolation. This allows variables to be embedded within literal strings using the <code>${}</code> syntax.</p></Item>
    <Item Type="CheckStep"><p>Return to your <code>Exercise-3.2</code> terminal window in order to submit and run this example.</p><p> </p><p>Notice that this time the <code>spark-submit</code> command include the required <code>jdbc</code> argument at its end.</p><p> </p><p><code class="boldcode">spark-submit --class com.crs1262.SparkOperations</code></p><p><code class="boldcode">    --master local[4] target/scala-2.10/spark-operations_2.10-1.0.jar jdbc</code></p></Item>
    <Item Type="Info"><em>Note</em>: This command must be entered on a single line! You can also press the <code>&lt;Up arrow&gt; </code>key in your terminal window to retrieve the previous <code>spark-submit</code> command; you will, of course, need to edit it so that it includes the required <code>jdbc</code> argument at its end.</Item>
    <Item Type="CheckPoint">You should now see the RDD records loaded from the MySQL database being displayed in the terminal window. To emphasize this, each one has again been wrapped in a set of <code>"***"</code> lines.</Item>
    <Item Type="CheckStep"><p>To verify the above operation and record structure, you will quickly look directly at the contents of the ratings table in MySQL.</p><p> </p><p>Type the following commands in your terminal window:</p><p> </p><p><code class="boldcode">mysql --user spark --password</code></p><p> </p><p>You will now be asked to provide a password; use <code class="boldcode">apache</code></p><p> </p><p>Now continue with the following MySQL commands and query.</p><p> </p><p><code class="boldcode">use movies;</code></p><p><code class="boldcode">select * from ratings;</code></p><p> </p><p>To exit the MySQL shell, type <code class="boldcode">quit</code></p></Item>
    <Item Type="Info">The above MySQL <code>select</code> statement should have displayed the same dataset.</Item>
    <Item Type="MajorStep" KeepWith="next"><strong>Stage 5: <span style="line-height:1.6">Experimenting with the lazy evaluation of Spark transforms</span></strong></Item>
    <Item Type="Info"><p>In the next part of the exercise, you will investigate the lazy evaluation of Spark transformations.</p><p> </p><p>You will begin by applying a set of transformations to a nonexistent directory of data. You might imagine that this would generate an exception, but as no Spark action will be issued to trigger the execution of the transformations, no actual loading takes place.</p><p> </p><p>You then repeat this process but with an included action. Initially you will still try load the data from a nonexistent directory. This time, as the transformations are triggered, you will see an associated exception.</p><p> </p><p>Finally, you will repeat the last experiment, but this time you will create the missing directory and place some data inside it.</p></Item>
    <Item Type="CheckStep"><p>Return to your exercise terminal window and make sure you are in the <code>Exercise-3.2</code> directory.</p><p> </p><p>You can use the <code>pwd</code> command to display your current window path. This should return:</p><p> </p><p><code>/home/spark/crs1262/exercises/Exercise-3.2</code></p><p> </p><p>If necessary, correct this with the following command:</p><p> </p><p><code class="boldcode">cd /home/spark/crs1262/exercises/Exercise-3.2</code></p><p> </p><p>Obtain a directory listing; use:</p><p> </p><p><code class="boldcode">ll</code></p><p> </p><p>You should notice that there is no directory called <code class="boldcode">lazy-data</code></p></Item>
    <Item Type="CheckStep"><p>Quickly review the block of code starting with <code>case "lazy" =&gt; {</code>.</p><p> </p><p>You will notice that there is a <code class="boldcode">textFile()</code> load operation followed by a Spark <code>flatMap()</code> and two <code>map()</code> transformations, but no actions.</p><p> </p><p>The load operation is currently referencing the nonexistent directory <code>lazy-data</code>.</p></Item>
    <Item Type="CheckStep"><p>Using your terminal window, execute the code. This time you must include a command line argument set to <code>lazy</code>.</p><p> </p><p><code class="boldcode">spark-submit --class com.crs1262.SparkOperations</code></p><p><code class="boldcode">    --master local[4] target/scala-2.10/spark-operations_2.10-1.0.jar lazy</code></p></Item>
    <Item Type="Info"><em>Note</em>: This command must be entered on a single line! You can also press the <code>&lt;Up arrow&gt;</code> key in your terminal window to retrieve the previous <code>spark-submit</code> command; you will, of course, need to edit it so that it includes the required <code>lazy</code> argument at its end.</Item>
    <Item Type="CheckPoint"><p>Once the application has finished running, you should see the following message in the terminal window:</p><p> </p><p><code>*** Finished, were any exceptions thrown?</code></p><p><code>*** The data wasn't loaded as none of the above operations were triggered by an action</code></p><p> </p><p>No exceptions were generated as no data was loaded. The <code>textFile()</code> load and the <code>flatMap()</code> and <code>map()</code> transformations did not get executed as the code does not contain an action.</p></Item>
    <Item Type="CheckStep"><p>Quickly review the block of code starting with <code>case "lazy-action" =&gt; {.</code></p><p> </p><p>Notice that this code contains a <code>reduceByKey()</code> and <code>collect()</code> operation. Both of these are actions and will trigger the execution of the preceding transformations. The code also contains a <code>try</code><code>catch</code> construct. This will catch any exceptions that occur and print out an appropriate message to the console.</p><p> </p><p>Re-execute the code, but this time set the command line argument to <code>lazy-action</code></p><p> </p><p><code class="boldcode">spark-submit --class com.crs1262.SparkOperations</code></p><p><code class="boldcode">    --master local[4] target/scala-2.10/spark-operations_2.10-1.0.jar lazy-action</code></p></Item>
    <Item Type="Info"><em>Note</em>: This command must be entered on a single line! You can also press the <code>&lt;Up arrow&gt;</code> key in your terminal window to retrieve the previous <code>spark-submit</code> command; you will, of course, need to edit it so that it includes the required <code>lazy-action</code> argument at its end.</Item>
    <Item Type="CheckPoint"><p>The operation will fail!</p><p> </p><p>You should see the following message printed to the terminal window by the <code>try</code><code>catch</code> construct:</p><p> </p><p><code>*** Unable to load files in the lazy-data directory<br />
org.apache.hadoop.mapred.InvalidInputException: Input path does not exist: file:/home/spark/crs1262/exercises/Exercise-3.2/lazy-data</code></p><p> </p><p>The Spark actions have triggered the lazy execution of the <code>textFile()</code> load and the transformations, causing them to fail as the data directory does not exist.</p></Item>
    <Item Type="CheckStep"><p>You will now create the missing <code>lazy-data</code> directory and add some data to it.</p><p> </p><p>Type:</p><p> </p><p><code class="boldcode">mkdir lazy-data</code></p><p><code class="boldcode">cp text-file.txt lazy-data/</code></p><p> </p><p>Verify that the directory now exists; type:</p><p> </p><p><code class="boldcode">ll</code></p><p> </p><p>Verify that a copy of the text file exists in the new directory; type:</p><p> </p><p><code class="boldcode">ll lazy-data/</code></p><p> </p><p>Now rerun the application using the same command line argument; i.e., set to <code>lazy-action</code></p><p> </p><p>Use:</p><p> </p><p><code class="boldcode">spark-submit --class com.crs1262.SparkOperations</code></p><p><code class="boldcode">    --master local[4] target/scala-2.10/spark-operations_2.10-1.0.jar lazy-action</code></p></Item>
    <Item Type="Info"><p>This time, the application should execute and display a long list of <code>(word, count)</code> tuples.</p><p> </p><p>The block of code in the example is actually an implementation of the classic word count algorithm. This will be discussed and analyzed in Chapter 4.</p></Item>
    <Item Type="Info"><p>The above exercise steps have demonstrated that transformations are only executed when their results are demanded by an action.</p><p> </p><p>This behavior is actually very important, as in most circumstances you would not want to load an unprocessed Big Dataset into an RDD without first transforming and filtering it down to a manageable size. There are, of course, exceptions, but under those circumstances, you would have to ensure that the data was partitioned across enough cluster nodes to allow it to fit in memory and, if necessary, partly spill to local disk.</p></Item>
    <Item Type="MajorStep"><strong>Stage 6: Investigating and modifying the number of Spark partitions used to hold a parallelized dataset</strong></Item>
    <Item Type="Info"><p>In the final part of this exercise, you will investigate how data is partitioned and, if necessary, how it can be repartitioned.</p><p> </p><p>A Big Dataset stored in an RDD is chopped up into partitions. In a Spark cluster, the partitions would typically be stored and processed by the individual nodes. It is this behavior that allows Spark to store and process extremely large datasets in parallel.</p></Item>
    <Item Type="CheckStep"><p>Quickly review the block of code that starts with <code>case "save" =&gt; {</code></p><p> </p><p>This code simply loads a dataset, allows Spark to decide how many partitions to use to represent it, prints this number to the terminal window, and then saves the data back to disk.</p><p> </p><p>The data is saved to a directory called <code>results</code> in the <code>Exercise-3.2</code> directory.</p></Item>
    <Item Type="Info"><em>Note</em>: The original data is loaded from a single file.</Item>
    <Item Type="CheckStep"><p>Run the application using <code>save</code> as the same command line argument</p><p> </p><p>Use the following command:</p><p> </p><p><code class="boldcode">spark-submit --class com.crs1262.SparkOperations</code></p><p><code class="boldcode">    --master local[4] target/scala-2.10/spark-operations_2.10-1.0.jar save</code></p></Item>
    <Item Type="CheckPoint"><p>You should see the following message displayed in the terminal window:</p><p> </p><p><code>*** The text file has been loaded into 2 partitions</code></p><p> </p><p>Spark has decided to chop this relatively small file into two partitions.</p></Item>
    <Item Type="CheckStep"><p>Perform a directory listing in the <code>Exercise-3.2</code> directory; type:</p><p> </p><p><code class="boldcode">ll</code></p><p> </p><p>You should see a directory called the <code class="boldcode">results</code></p><p> </p><p>Obtain a listing for this directory; type:</p><p> </p><p><code class="boldcode">ll results/</code></p><p> </p><p>You should see three files:</p><p> </p><p><code>part-00000</code></p><p><code>part-00001</code></p><p><code>_SUCCESS</code></p></Item>
    <Item Type="Info"><p>The two <code class="boldcode">part-</code> files contain the saved data, one for each partition.</p><p> </p><p>The <code class="boldcode">_SUCCESS</code> file is empty as it is just used as a marker to indicate that the operation or application completed successfully.</p><p> </p><p>On a Spark cluster, data would be saved back to a distributed file system. Each node would simultaneously save its partition of the data directly to its local component of the distributed file system.</p><p> </p><p>Spark can also load data in the same way.</p><p> </p><p>This load/save/partitioning mechanism is a vital aspect of Spark's ability to perform parallel processing on extremely large datasets.</p><p>You will now observe how Spark can repartition data once it has been loaded.</p></Item>
    <Item Type="Indented"><p>It might be that the initial partitions are too few and too big and as such won&#39;t be able to take full advantage of the cluster. Spark often uses Hadoop&#160;<code>InputFormat</code>&#160;classes to load data from HDFS. Often the partition size is mapped directly to an HDFS block; these have a default size of 128 MB.</p>

<p>&#160;</p>

<p>An application may also decide to rebalance its partitions once they have undergone some processing. For example, a filtering operation may have removed more items from some partitions than others.</p>

<p>&#160;</p>

<p>It is also possible that a dataset has too many partitions; Spark has a&#160;<code>coalesce()</code>&#160;operation that can reduce the number of partitions.</p></Item>
    <Item Type="Info"><em>Note</em>: Repartitioning data is likely to trigger a shuffle. This isn't necessarily a bad thing if it then allows the cluster to run as efficiently as possible; i.e., keep all of its nodes optimally busy.</Item>
    <Item Type="CheckStep"><p>Quickly review the block of code that start with <code>case "partition" =&gt; {</code></p><p> </p><p>Notice that it calls <code>textFile()</code> to load some data and then generates a new RDD by calling the <code>repartition()</code> operation.</p><p> </p><p>The repartitioned data is then saved to a directory called <code>repartitioned-results</code>.</p><p> </p><p>Run the application using <code>partition</code> as the command line argument.</p><p> </p><p>Use the following command:</p><p> </p><p><code class="boldcode">spark-submit --class com.crs1262.SparkOperations</code></p><p><code class="boldcode">    --master local[4] target/scala-2.10/spark-operations_2.10-1.0.jar partition</code></p></Item>
    <Item Type="CheckPoint"><p>Once the application has finished running, you should see the following message printed in the terminal window:</p><p> </p><p><code>*** The text file has been loaded into 5 partitions</code></p></Item>
    <Item Type="CheckStep"><p>Verify that the new output directory exists. Type:</p><p> </p><p><code class="boldcode">ll</code></p><p> </p><p>You should see the <code>repartitioned-results</code> directory.</p><p> </p><p>Within this directory, there should now be five <code>part-</code> files, one for each of the new partitions. To verify this, type:</p><p> </p><p><code class="boldcode">ll repartitioned-results/</code></p></Item>
    <Item Type="CheckStep"><p>Verify that one of the <code>part-</code> files contain the expected data. To do this, you can use the <code>less</code> command.</p><p> </p><p>For example, type:</p><p> </p><p><code class="boldcode">less repartitioned-results/part-00001</code></p><p> </p><p>Press the <code>&lt;Spacebar&gt;</code> or <code>&lt;Enter&gt;</code> to scroll through the file; press <code>&lt;Q&gt;</code> to quit.</p></Item>
    <Item Type="Info"><p>You have now experimented with a number of Spark operations to help understand some of the underlying concepts behind its computation model.</p><p> </p><p>The Scala syntax and Spark API will be discussed in detail later in Chapter 4.</p></Item>
    <Item Type="Finish" KeepWith="next">Congratulations! You have completed the exercise.</Item>
    <Item Type="Stop" />
  </Items>
</Exercise>